<?xml version="1.0" encoding="UTF-8"?>
<con:soapui-project id="0a5a52cb-0bcd-4389-a197-9f434666c540" created="3.5.1" activeEnvironment="Default environment" name="REST Project 1" updated="3.5.1 2020-12-09T14:26:21Z" encryptionMode="Not encrypted" xmlns:con="http://eviware.com/soapui/config">
  <con:settings/>
  <con:interface xsi:type="con:RestService" id="23474ea4-7450-4ca5-a88d-1b42e652d82c" wadlVersion="http://wadl.dev.java.net/2009/02" name="https://petstore.swagger.io" type="rest" xmlns:xsi="http://www.w3.org/2001/XMLSchema-instance">
    <con:settings/>
    <con:definitionCache type="TEXT" rootPart=""/>
    <con:endpoints>
      <con:endpoint>https://petstore.swagger.io</con:endpoint>
    </con:endpoints>
    <con:resource name="CreateUser" path="/v2/user" id="67d1c023-a4d8-4269-8b2b-9a972d9780f9">
      <con:settings/>
      <con:parameters/>
      <con:method name="" id="4c346439-51bc-4c13-85f6-3a6741559576" method="POST">
        <con:settings/>
        <con:parameters/>
        <con:representation type="REQUEST">
          <con:mediaType>application/json</con:mediaType>
          <con:params/>
        </con:representation>
        <con:representation type="FAULT">
          <con:mediaType>text/html</con:mediaType>
          <con:status>405</con:status>
          <con:params/>
          <con:element>html</con:element>
        </con:representation>
        <con:representation type="RESPONSE">
          <con:mediaType>application/json</con:mediaType>
          <con:status>200</con:status>
          <con:params/>
          <con:element xmlns:user="https://petstore.swagger.io/v2/user/">user:Response</con:element>
        </con:representation>
        <con:representation type="FAULT">
          <con:mediaType>application/xml</con:mediaType>
          <con:status>404</con:status>
          <con:params/>
          <con:element>apiResponse</con:element>
        </con:representation>
        <con:request name="Request 1" id="b0865765-7b75-4da3-ae44-3b6e76f1a97e" mediaType="application/json" postQueryString="false">
          <con:settings>
            <con:setting id="com.eviware.soapui.impl.wsdl.WsdlRequest@request-headers">&lt;xml-fragment/></con:setting>
          </con:settings>
          <con:endpoint>https://petstore.swagger.io</con:endpoint>
          <con:request>{
  "id": 12,
  "username": "test12",
  "firstName": "testfirstname",
  "lastName": "testlastname",
  "email": "testemail@gmail.com",
  "password": "testpassword",
  "phone": "9876543210",
  "userStatus": 0
}</con:request>
          <con:originalUri>https://petstore.swagger.io/</con:originalUri>
          <con:credentials>
            <con:selectedAuthProfile>No Authorization</con:selectedAuthProfile>
            <con:authType>No Authorization</con:authType>
          </con:credentials>
          <con:jmsConfig JMSDeliveryMode="PERSISTENT"/>
          <con:parameters/>
        </con:request>
      </con:method>
    </con:resource>
  </con:interface>
  <con:interface xsi:type="con:RestService" id="316cac43-c417-4350-9f61-7903c9bf5966" wadlVersion="http://wadl.dev.java.net/2009/02" name="https://petstore.swagger.io 1" type="rest" xmlns:xsi="http://www.w3.org/2001/XMLSchema-instance">
    <con:settings/>
    <con:definitionCache type="TEXT" rootPart=""/>
    <con:endpoints>
      <con:endpoint>https://petstore.swagger.io</con:endpoint>
    </con:endpoints>
    <con:resource name="LoginUser" path="/v2/user/login" id="a32bf7f1-2f10-421f-bfa8-5542b4eca87f">
      <con:settings/>
      <con:parameters/>
      <con:method name="Login" id="f3253ccc-0990-467a-a16e-cbe084ffa9a5" method="GET">
        <con:settings/>
        <con:parameters>
          <con:parameter required="true">
            <con:name>username</con:name>
            <con:value>testuser</con:value>
            <con:style>QUERY</con:style>
            <con:default>testuser</con:default>
            <con:path xsi:nil="true"/>
            <con:description xsi:nil="true"/>
          </con:parameter>
          <con:parameter required="true">
            <con:name>password</con:name>
            <con:value>testuser</con:value>
            <con:style>QUERY</con:style>
            <con:default>testuser</con:default>
            <con:path xsi:nil="true"/>
            <con:description xsi:nil="true"/>
          </con:parameter>
        </con:parameters>
        <con:representation type="RESPONSE">
          <con:mediaType>application/json</con:mediaType>
          <con:status>200</con:status>
          <con:params/>
          <con:element xmlns:log="https://petstore.swagger.io/v2/user/login">log:Response</con:element>
        </con:representation>
        <con:request name="Request 1" id="5c5fcd53-ca39-473a-82de-f62ffbe92038" mediaType="application/json">
          <con:settings>
            <con:setting id="com.eviware.soapui.impl.wsdl.WsdlRequest@request-headers">&lt;xml-fragment/></con:setting>
          </con:settings>
          <con:endpoint>https://petstore.swagger.io</con:endpoint>
          <con:request/>
          <con:originalUri>https://petstore.swagger.io/v2/user/login</con:originalUri>
          <con:credentials>
            <con:selectedAuthProfile>No Authorization</con:selectedAuthProfile>
            <con:authType>No Authorization</con:authType>
          </con:credentials>
          <con:jmsConfig JMSDeliveryMode="PERSISTENT"/>
          <con:parameters>
            <con:entry key="password" value="testpassword"/>
            <con:entry key="username" value="test12"/>
          </con:parameters>
          <con:parameterOrder>
            <con:entry>username</con:entry>
            <con:entry>password</con:entry>
          </con:parameterOrder>
        </con:request>
      </con:method>
    </con:resource>
  </con:interface>
  <con:interface xsi:type="con:RestService" id="250e3490-c8e1-403e-9bfe-e9ed60e7bd87" wadlVersion="http://wadl.dev.java.net/2009/02" name="https://petstore.swagger.io 2" type="rest" xmlns:xsi="http://www.w3.org/2001/XMLSchema-instance">
    <con:settings/>
    <con:definitionCache/>
    <con:endpoints>
      <con:endpoint>https://petstore.swagger.io</con:endpoint>
    </con:endpoints>
    <con:resource name="GetUser" path="/v2/user/test12" id="068544cc-45ef-4d80-b40e-ff4d77d8b16e">
      <con:settings/>
      <con:parameters/>
      <con:method name="Testuser" id="02805815-cbb3-4f42-acbf-1fbf044d44b9" method="GET">
        <con:settings/>
        <con:parameters/>
        <con:representation type="RESPONSE">
          <con:mediaType>application/json</con:mediaType>
          <con:status>200</con:status>
          <con:params/>
          <con:element xmlns:tes="https://petstore.swagger.io/v2/user/testuser">tes:Response</con:element>
        </con:representation>
        <con:representation type="FAULT">
          <con:mediaType>application/json</con:mediaType>
          <con:status>404</con:status>
          <con:params/>
          <con:element xmlns:tes="https://petstore.swagger.io/v2/user/testuser">tes:Fault</con:element>
        </con:representation>
        <con:request name="Request 1" id="03f6f868-d46d-41a2-84a7-01411047552b" mediaType="application/json">
          <con:settings>
            <con:setting id="com.eviware.soapui.impl.wsdl.WsdlRequest@request-headers">&lt;xml-fragment/></con:setting>
          </con:settings>
          <con:endpoint>https://petstore.swagger.io</con:endpoint>
          <con:request/>
          <con:originalUri>https://petstore.swagger.io/v2/user/testuser</con:originalUri>
          <con:credentials>
            <con:selectedAuthProfile>No Authorization</con:selectedAuthProfile>
            <con:authType>No Authorization</con:authType>
          </con:credentials>
          <con:jmsConfig JMSDeliveryMode="PERSISTENT"/>
          <con:parameters/>
        </con:request>
      </con:method>
    </con:resource>
  </con:interface>
  <con:interface xsi:type="con:RestService" id="4084d534-6b92-4430-af84-98f6f9da2f34" wadlVersion="http://wadl.dev.java.net/2009/02" name="https://petstore.swagger.io 3" type="rest" xmlns:xsi="http://www.w3.org/2001/XMLSchema-instance">
    <con:settings/>
    <con:definitionCache/>
    <con:endpoints>
      <con:endpoint>https://petstore.swagger.io</con:endpoint>
    </con:endpoints>
    <con:resource name="DeleteUser" path="/v2/user/test12" id="1d48f8d2-bcdc-4257-b330-53f196584fea">
      <con:settings/>
      <con:parameters/>
      <con:method name="Testuser" id="7099acd2-122d-45e9-8b89-f6c0d80fe235" method="DELETE">
        <con:settings/>
        <con:parameters/>
        <con:representation type="RESPONSE">
          <con:mediaType>application/json</con:mediaType>
          <con:status>200</con:status>
          <con:params/>
          <con:element xmlns:tes="https://petstore.swagger.io/v2/user/testuser">tes:Response</con:element>
        </con:representation>
        <con:representation type="REQUEST">
          <con:mediaType>application/json</con:mediaType>
          <con:params/>
        </con:representation>
        <con:representation type="FAULT">
          <con:mediaType xsi:nil="true"/>
          <con:status>404</con:status>
          <con:params/>
          <con:element>data</con:element>
        </con:representation>
        <con:request name="Request 1" id="5d42cc5b-6b64-4f07-8189-fc78948ef9eb" mediaType="application/json" postQueryString="false">
          <con:settings>
            <con:setting id="com.eviware.soapui.impl.wsdl.WsdlRequest@request-headers">&lt;xml-fragment/></con:setting>
          </con:settings>
          <con:endpoint>https://petstore.swagger.io</con:endpoint>
          <con:request/>
          <con:originalUri>https://petstore.swagger.io/v2/user/testuser</con:originalUri>
          <con:credentials>
            <con:selectedAuthProfile>No Authorization</con:selectedAuthProfile>
            <con:authType>No Authorization</con:authType>
          </con:credentials>
          <con:jmsConfig JMSDeliveryMode="PERSISTENT"/>
          <con:parameters/>
        </con:request>
      </con:method>
    </con:resource>
  </con:interface>
  <con:testSuite id="ac68125e-476f-4a43-ad39-bb13100d82f1" name="https://petstore.swagger.io TestSuite">
    <con:settings/>
    <con:runType>SEQUENTIAL</con:runType>
    <con:testCase id="35c0343b-1142-49c7-aadd-c440d4f62408" discardOkResults="false" failOnError="true" failTestCaseOnErrors="true" keepSession="false" name="https://petstore.swagger.io TestCase 1" searchProperties="true" timeout="0">
      <con:settings/>
      <con:savedRecentRuns>1</con:savedRecentRuns>
      <con:testStep type="restrequest" name="CreateUser" id="63694923-a39e-43a3-9f25-eb8e7bd05f73">
        <con:settings/>
        <con:config service="https://petstore.swagger.io" resourcePath="/v2/user" methodName="" xsi:type="con:RestRequestStep" xmlns:xsi="http://www.w3.org/2001/XMLSchema-instance">
          <con:restRequest name="CreateUser" id="b0865765-7b75-4da3-ae44-3b6e76f1a97e" mediaType="application/json" postQueryString="false">
            <con:settings>
              <con:setting id="com.eviware.soapui.impl.wsdl.WsdlRequest@request-headers">&lt;xml-fragment/></con:setting>
            </con:settings>
            <con:endpoint>https://petstore.swagger.io</con:endpoint>
            <con:request>{
  "id": 12,
  "username": "test12",
  "firstName": "testfirstname",
  "lastName": "testlastname",
  "email": "testemail@gmail.com",
  "password": "testpassword",
  "phone": "9876543210",
  "userStatus": 0
}</con:request>
            <con:originalUri>https://petstore.swagger.io/v2/user/</con:originalUri>
            <con:assertion type="Valid HTTP Status Codes" id="5da7a3db-64a5-4b8e-8c4c-633be28d849f" name="Valid HTTP Status Codes">
              <con:settings/>
              <con:configuration>
                <codes>200</codes>
              </con:configuration>
            </con:assertion>
            <con:credentials>
              <con:selectedAuthProfile>No Authorization</con:selectedAuthProfile>
              <con:authType>No Authorization</con:authType>
            </con:credentials>
            <con:jmsConfig JMSDeliveryMode="PERSISTENT"/>
            <con:parameters/>
          </con:restRequest>
        </con:config>
      </con:testStep>
      <con:testStep type="restrequest" name="LogInUser" id="26fd3c24-f261-482c-9934-22a841812c16">
        <con:settings/>
        <con:config service="https://petstore.swagger.io 1" resourcePath="/v2/user/login" methodName="Login" xsi:type="con:RestRequestStep" xmlns:xsi="http://www.w3.org/2001/XMLSchema-instance">
          <con:restRequest name="LogInUser" id="5c5fcd53-ca39-473a-82de-f62ffbe92038" mediaType="application/json">
            <con:settings>
              <con:setting id="com.eviware.soapui.impl.wsdl.WsdlRequest@request-headers">&lt;xml-fragment/></con:setting>
            </con:settings>
            <con:endpoint>https://petstore.swagger.io</con:endpoint>
            <con:request/>
            <con:originalUri>https://petstore.swagger.io/v2/user/login</con:originalUri>
            <con:assertion type="Valid HTTP Status Codes" id="20fcd764-0ac2-454e-a1b2-9e1866f252ab" name="Valid HTTP Status Codes">
              <con:settings/>
              <con:configuration>
                <codes>200</codes>
              </con:configuration>
            </con:assertion>
            <con:credentials>
              <con:selectedAuthProfile>No Authorization</con:selectedAuthProfile>
              <con:authType>No Authorization</con:authType>
            </con:credentials>
            <con:jmsConfig JMSDeliveryMode="PERSISTENT"/>
            <con:parameters>
              <con:entry key="password" value="testpassword"/>
              <con:entry key="username" value="test12"/>
            </con:parameters>
            <con:parameterOrder>
              <con:entry>username</con:entry>
              <con:entry>password</con:entry>
            </con:parameterOrder>
          </con:restRequest>
        </con:config>
      </con:testStep>
      <con:testStep type="restrequest" name="GetUser" id="f4950466-e924-49fd-b043-bda8c0b9df5a">
        <con:settings/>
        <con:config service="https://petstore.swagger.io 2" resourcePath="/v2/user/test12" methodName="Testuser" xsi:type="con:RestRequestStep" xmlns:xsi="http://www.w3.org/2001/XMLSchema-instance">
          <con:restRequest name="GetUser" id="03f6f868-d46d-41a2-84a7-01411047552b" mediaType="application/json">
            <con:settings>
              <con:setting id="com.eviware.soapui.impl.wsdl.WsdlRequest@request-headers">&lt;xml-fragment/></con:setting>
            </con:settings>
            <con:endpoint>https://petstore.swagger.io</con:endpoint>
            <con:request/>
            <con:originalUri>https://petstore.swagger.io/v2/user/testuser</con:originalUri>
            <con:assertion type="Valid HTTP Status Codes" id="e16affea-16c5-40bc-aeb0-a993ee78ed27" name="Valid HTTP Status Codes">
              <con:settings/>
              <con:configuration>
                <codes>200</codes>
              </con:configuration>
            </con:assertion>
            <con:credentials>
              <con:selectedAuthProfile>No Authorization</con:selectedAuthProfile>
              <con:authType>No Authorization</con:authType>
            </con:credentials>
            <con:jmsConfig JMSDeliveryMode="PERSISTENT"/>
            <con:parameters/>
          </con:restRequest>
        </con:config>
      </con:testStep>
      <con:testStep type="restrequest" name="DeleteUser" id="3af2a293-6ee7-4905-b327-0c79df5b2e74">
        <con:settings/>
        <con:config service="https://petstore.swagger.io 3" resourcePath="/v2/user/test12" methodName="Testuser" xsi:type="con:RestRequestStep" xmlns:xsi="http://www.w3.org/2001/XMLSchema-instance">
          <con:restRequest name="DeleteUser" id="5d42cc5b-6b64-4f07-8189-fc78948ef9eb" mediaType="application/json" postQueryString="false">
            <con:settings>
              <con:setting id="com.eviware.soapui.impl.wsdl.WsdlRequest@request-headers">&lt;xml-fragment/></con:setting>
            </con:settings>
            <con:endpoint>https://petstore.swagger.io</con:endpoint>
            <con:request/>
            <con:originalUri>https://petstore.swagger.io/v2/user/testuser</con:originalUri>
            <con:assertion type="Valid HTTP Status Codes" id="fb8b3ceb-7a92-4cd6-a674-48ca812f296e" name="Valid HTTP Status Codes">
              <con:settings/>
              <con:configuration>
                <codes>200</codes>
              </con:configuration>
            </con:assertion>
            <con:credentials>
              <con:selectedAuthProfile>No Authorization</con:selectedAuthProfile>
              <con:authType>No Authorization</con:authType>
            </con:credentials>
            <con:jmsConfig JMSDeliveryMode="PERSISTENT"/>
            <con:parameters/>
          </con:restRequest>
        </con:config>
      </con:testStep>
      <con:properties/>
      <con:reportParameters/>
    </con:testCase>
    <con:properties/>
    <con:reportParameters/>
  </con:testSuite>
  <con:requirements/>
  <con:properties/>
  <con:wssContainer/>
  <con:databaseConnectionContainer/>
  <con:jmsConnectionContainer/>
  <con:oAuth2ProfileContainer/>
  <con:oAuth1ProfileContainer/>
  <con:reporting>
    <con:reportTemplates/>
    <con:xmlTemplates/>
    <con:xmlTemplates/>
    <con:parameters/>
    <con:parameters/>
  </con:reporting>
  <con:reporting/>
  <con:eventHandlers type="RequestFilter.filterRequest" name="RequestFilter.filterRequest">
    <con:script>// Sample event script to add custom HTTP header to all outgoing REST, SOAP and HTTP(S) calls
// This code is often used for adding custom authentication to ReadyAPI functional tests

// If hardcoding the token, uncomment and change line 5
// token = '4567'

// If your token is parameterized in Project level custom property, uncomment line 8
// token = request.parent.testCase.testSuite.project.getProperty('auth_token').getValue()

// To modify all outgoing calls, remove comments from lines 11 to 16
// headers = request.requestHeaders
// if (headers.containsKey('auth_token2') == false) {
//   headers.put('auth_token2', token)
//   request.requestHeaders = headers
// }</con:script>
  </con:eventHandlers>
  <con:eventHandlers type="TestRunListener.afterStep" name="TestRunListener.afterStep">
    <con:script>// Save all test step results into files
// Change the directory path in line 5 to a location where you want to store details
// then uncomment lines 5 to 10

// filePath = 'C:\\tempOutputDirectory\\'
// fos = new java.io.FileOutputStream(filePath + testStepResult.testStep.label + '.txt', true)
// pw = new java.io.PrintWriter(fos)
// testStepResult.writeTo(pw)
// pw.close()
// fos.close()</con:script>
  </con:eventHandlers>
  <con:authRepository/>
  <con:tags/>
</con:soapui-project>
